qtl_id,traitName_asinArticle,traitName_ontologyTerm,traitUri,featureName_asinArticle,featureName_ontologyTerm,featureUri_ontologyId,featureValue,featureValue_ontologyTerm,featureValueUri_ontologyId,pmcId,doi,tableId
PMC4872001_Table 2_0,Morphological traits,plant morphology trait,http://purl.obolibrary.org/obo/TO_0000017,Solyc ID,Solyc ID,,Solyc02g083900.2.1,Solyc02g083900.2.1,,PMC4872001,10.3389/fpls.2016.00664,PMC4872001_Table 2
PMC4872001_Table 2_1,Glycoalkaloids,Glycoalkaloids,,Solyc ID,Solyc ID,,Solyc08g005300.1.1,Solyc08g005300.1.1,,PMC4872001,10.3389/fpls.2016.00664,PMC4872001_Table 2
PMC4872001_Table 2_2,Phenolics,phenolic compound content,http://purl.obolibrary.org/obo/TO_0020076,Solyc ID,Solyc ID,,Solyc03g080190.2.1,Solyc03g080190.2.1,,PMC4872001,10.3389/fpls.2016.00664,PMC4872001_Table 2
PMC4872001_Table 2_3,Amino acids,amino acid content,http://purl.obolibrary.org/obo/TO_0002673,Solyc ID,Solyc ID,,Solyc02g069780.2.1,Solyc02g069780.2.1,,PMC4872001,10.3389/fpls.2016.00664,PMC4872001_Table 2
PMC5281592_Table 3_4,qTSW_T10_A04_1,qTSW_T10_A04_1,,Left marker Physical position,physical position,http://purl.obolibrary.org/obo/OGI_0000032,Aradu.A04_121088160,Aradu.A04_121088160,,PMC5281592,10.3389/fpls.2017.00025,PMC5281592_Table 3
PMC5281592_Table 3_5,qTSW_T10_A04_1,qTSW_T10_A04_1,,Right marker physical position,physical position,http://purl.obolibrary.org/obo/OGI_0000032,–,–,,PMC5281592,10.3389/fpls.2017.00025,PMC5281592_Table 3
PMC5281592_Table 3_6,qTSW_T10_A04_1,qTSW_T10_A04_1,,Marker interval,marker,http://purl.obolibrary.org/obo/SO_0001645 ,GM1062–TC23B15,GM1062–TC23B15,,PMC5281592,10.3389/fpls.2017.00025,PMC5281592_Table 3
PMC5281592_Table 3_7,qTSW_T10_A04_2,qTSW_T10_A04_2,,Left marker Physical position,physical position,http://purl.obolibrary.org/obo/OGI_0000032,Aradu.A04_121088160,Aradu.A04_121088160,,PMC5281592,10.3389/fpls.2017.00025,PMC5281592_Table 3
PMC5281592_Table 3_8,qTSW_T10_A04_2,qTSW_T10_A04_2,,Right marker physical position,physical position,http://purl.obolibrary.org/obo/OGI_0000032,–,–,,PMC5281592,10.3389/fpls.2017.00025,PMC5281592_Table 3
PMC5281592_Table 3_9,qTSW_T10_A04_2,qTSW_T10_A04_2,,Marker interval,marker,http://purl.obolibrary.org/obo/SO_0001645 ,GM1062–TC23B15,GM1062–TC23B15,,PMC5281592,10.3389/fpls.2017.00025,PMC5281592_Table 3
PMC5281592_Table 3_10,qTSW_T10_B02_1,qTSW_T10_B02_1,,Left marker Physical position,physical position,http://purl.obolibrary.org/obo/OGI_0000032,Araip.B02_103261801,Araip.B02_103261801,,PMC5281592,10.3389/fpls.2017.00025,PMC5281592_Table 3
PMC5281592_Table 3_11,qTSW_T10_B02_1,qTSW_T10_B02_1,,Right marker physical position,physical position,http://purl.obolibrary.org/obo/OGI_0000032,Aradu.A02_20947839,Aradu.A02_20947839,,PMC5281592,10.3389/fpls.2017.00025,PMC5281592_Table 3
PMC5281592_Table 3_12,qTSW_T10_B02_1,qTSW_T10_B02_1,,Marker interval,marker,http://purl.obolibrary.org/obo/SO_0001645 ,GM2808–Seq1B09-2,GM2808–Seq1B09-2,,PMC5281592,10.3389/fpls.2017.00025,PMC5281592_Table 3
PMC5281592_Table 3_13,qTSW_T10_B02_2,qTSW_T10_B02_2,,Right marker physical position,physical position,http://purl.obolibrary.org/obo/OGI_0000032,Araip.B02_64583082,Araip.B02_64583082,,PMC5281592,10.3389/fpls.2017.00025,PMC5281592_Table 3
PMC5281592_Table 3_14,qTSW_T10_B02_2,qTSW_T10_B02_2,,Left marker Physical position,physical position,http://purl.obolibrary.org/obo/OGI_0000032,Aradu.A02_77240043,Aradu.A02_77240043,,PMC5281592,10.3389/fpls.2017.00025,PMC5281592_Table 3
PMC5281592_Table 3_15,qTSW_T10_B02_2,qTSW_T10_B02_2,,Marker interval,marker,http://purl.obolibrary.org/obo/SO_0001645 ,RI1F06–Seq4E08,RI1F06–Seq4E08,,PMC5281592,10.3389/fpls.2017.00025,PMC5281592_Table 3
PMC5281592_Table 3_16,qTSW_T11_A08,qTSW_T11_A08,,Right marker physical position,physical position,http://purl.obolibrary.org/obo/OGI_0000032,Aradu.A08_45498715,Aradu.A08_45498715,,PMC5281592,10.3389/fpls.2017.00025,PMC5281592_Table 3
PMC5281592_Table 3_17,qTSW_T11_A08,qTSW_T11_A08,,Marker interval,marker,http://purl.obolibrary.org/obo/SO_0001645 ,IPAHM468–GM1628,IPAHM468–GM1628,,PMC5281592,10.3389/fpls.2017.00025,PMC5281592_Table 3
PMC5281592_Table 3_18,qTSW_T11_A08,qTSW_T11_A08,,Left marker Physical position,physical position,http://purl.obolibrary.org/obo/OGI_0000032,Aradu.A09_3145922,Aradu.A09_3145922,,PMC5281592,10.3389/fpls.2017.00025,PMC5281592_Table 3
PMC5281592_Table 3_19,qTSW_T11_A09,qTSW_T11_A09,,Marker interval,marker,http://purl.obolibrary.org/obo/SO_0001645 ,AHS1750–AHGS0695,AHS1750–AHGS0695,,PMC5281592,10.3389/fpls.2017.00025,PMC5281592_Table 3
PMC5281592_Table 3_20,qTSW_T11_A09,qTSW_T11_A09,,Left marker Physical position,physical position,http://purl.obolibrary.org/obo/OGI_0000032,Araip.B07_57472323,Araip.B07_57472323,,PMC5281592,10.3389/fpls.2017.00025,PMC5281592_Table 3
PMC5281592_Table 3_21,qTSW_T11_A09,qTSW_T11_A09,,Right marker physical position,physical position,http://purl.obolibrary.org/obo/OGI_0000032,Aradu.A09_111384841,Aradu.A09_111384841,,PMC5281592,10.3389/fpls.2017.00025,PMC5281592_Table 3
PMC5281592_Table 3_22,qTSW_T13_A01,qTSW_T13_A01,,Left marker Physical position,physical position,http://purl.obolibrary.org/obo/OGI_0000032,Araip.B10_96894035,Araip.B10_96894035,,PMC5281592,10.3389/fpls.2017.00025,PMC5281592_Table 3
PMC5281592_Table 3_23,qTSW_T13_A01,qTSW_T13_A01,,Right marker physical position,physical position,http://purl.obolibrary.org/obo/OGI_0000032,Araip.B10_96894035,Araip.B10_96894035,,PMC5281592,10.3389/fpls.2017.00025,PMC5281592_Table 3
PMC5281592_Table 3_24,qTSW_T13_A01,qTSW_T13_A01,,Marker interval,marker,http://purl.obolibrary.org/obo/SO_0001645 ,TC23F04–TC23F04-1,TC23F04–TC23F04-1,,PMC5281592,10.3389/fpls.2017.00025,PMC5281592_Table 3
PMC5281592_Table 3_25,qTSW_T13_A04_1,qTSW_T13_A04_1,,Right marker physical position,physical position,http://purl.obolibrary.org/obo/OGI_0000032,Aradu.A01_104139693,Aradu.A01_104139693,,PMC5281592,10.3389/fpls.2017.00025,PMC5281592_Table 3
PMC5281592_Table 3_26,qTSW_T13_A04_1,qTSW_T13_A04_1,,Left marker Physical position,physical position,http://purl.obolibrary.org/obo/OGI_0000032,Aradu.A01_102382032,Aradu.A01_102382032,,PMC5281592,10.3389/fpls.2017.00025,PMC5281592_Table 3
PMC5281592_Table 3_27,qTSW_T13_A04_1,qTSW_T13_A04_1,,Marker interval,marker,http://purl.obolibrary.org/obo/SO_0001645 ,TC3H02–Seq8E12-2,TC3H02–Seq8E12-2,,PMC5281592,10.3389/fpls.2017.00025,PMC5281592_Table 3
PMC5281592_Table 3_28,qTSW_T13_A04_2,qTSW_T13_A04_2,,Marker interval,marker,http://purl.obolibrary.org/obo/SO_0001645 ,TC23C08-1–TC23C08b-2,TC23C08-1–TC23C08b-2,,PMC5281592,10.3389/fpls.2017.00025,PMC5281592_Table 3
PMC5281592_Table 3_29,qTSW_T13_A04_2,qTSW_T13_A04_2,,Right marker physical position,physical position,http://purl.obolibrary.org/obo/OGI_0000032,Araip.B01_118165090,Araip.B01_118165090,,PMC5281592,10.3389/fpls.2017.00025,PMC5281592_Table 3
PMC5281592_Table 3_30,qTSW_T13_A04_2,qTSW_T13_A04_2,,Left marker Physical position,physical position,http://purl.obolibrary.org/obo/OGI_0000032,Araip.B01_118165090,Araip.B01_118165090,,PMC5281592,10.3389/fpls.2017.00025,PMC5281592_Table 3
PMC5281592_Table 3_31,qTSW_T13_B04,qTSW_T13_B04,,Right marker physical position,physical position,http://purl.obolibrary.org/obo/OGI_0000032,Aradu.A04_2024488,Aradu.A04_2024488,,PMC5281592,10.3389/fpls.2017.00025,PMC5281592_Table 3
PMC5281592_Table 3_32,qTSW_T13_B04,qTSW_T13_B04,,Left marker Physical position,physical position,http://purl.obolibrary.org/obo/OGI_0000032,Aradu.A01_88729509,Aradu.A01_88729509,,PMC5281592,10.3389/fpls.2017.00025,PMC5281592_Table 3
PMC5281592_Table 3_33,qTSW_T13_B04,qTSW_T13_B04,,Marker interval,marker,http://purl.obolibrary.org/obo/SO_0001645 ,GM1992–TC28B07,GM1992–TC28B07,,PMC5281592,10.3389/fpls.2017.00025,PMC5281592_Table 3
PMC5281592_Table 3_34,qTSW_T13_B10,qTSW_T13_B10,,Left marker Physical position,physical position,http://purl.obolibrary.org/obo/OGI_0000032,Araip.B10_1799837,Araip.B10_1799837,,PMC5281592,10.3389/fpls.2017.00025,PMC5281592_Table 3
PMC5281592_Table 3_35,qTSW_T13_B10,qTSW_T13_B10,,Marker interval,marker,http://purl.obolibrary.org/obo/SO_0001645 ,GM2165–GM1742,GM2165–GM1742,,PMC5281592,10.3389/fpls.2017.00025,PMC5281592_Table 3
PMC5281592_Table 3_36,qTSW_T13_B10,qTSW_T13_B10,,Right marker physical position,physical position,http://purl.obolibrary.org/obo/OGI_0000032,Araip.B10_4784882,Araip.B10_4784882,,PMC5281592,10.3389/fpls.2017.00025,PMC5281592_Table 3
PMC5281592_Table 3_37,qELS_T10_A03_2,qELS_T10_A03_2,,Left marker Physical position,physical position,http://purl.obolibrary.org/obo/OGI_0000032,Araip.B03_19993020,Araip.B03_19993020,,PMC5281592,10.3389/fpls.2017.00025,PMC5281592_Table 3
PMC5281592_Table 3_38,qELS_T10_A03_2,qELS_T10_A03_2,,Right marker physical position,physical position,http://purl.obolibrary.org/obo/OGI_0000032,Araip.B03_22414726,Araip.B03_22414726,,PMC5281592,10.3389/fpls.2017.00025,PMC5281592_Table 3
PMC5281592_Table 3_39,qELS_T10_A03_2,qELS_T10_A03_2,,Marker interval,marker,http://purl.obolibrary.org/obo/SO_0001645 ,GA27–GM2388,GA27–GM2388,,PMC5281592,10.3389/fpls.2017.00025,PMC5281592_Table 3
PMC5281592_Table 3_40,qELS_T11_A05,qELS_T11_A05,,Left marker Physical position,physical position,http://purl.obolibrary.org/obo/OGI_0000032,Aradu.A05_86235178,Aradu.A05_86235178,,PMC5281592,10.3389/fpls.2017.00025,PMC5281592_Table 3
PMC5281592_Table 3_41,qELS_T11_A05,qELS_T11_A05,,Right marker physical position,physical position,http://purl.obolibrary.org/obo/OGI_0000032,Araip.B05_6635016,Araip.B05_6635016,,PMC5281592,10.3389/fpls.2017.00025,PMC5281592_Table 3
PMC5281592_Table 3_42,qELS_T11_A05,qELS_T11_A05,,Marker interval,marker,http://purl.obolibrary.org/obo/SO_0001645 ,TC40D04–GM1878,TC40D04–GM1878,,PMC5281592,10.3389/fpls.2017.00025,PMC5281592_Table 3
PMC5281592_Table 3_43,qELS_T11_A06,qELS_T11_A06,,Right marker physical position,physical position,http://purl.obolibrary.org/obo/OGI_0000032,Araip.B06_2116158,Araip.B06_2116158,,PMC5281592,10.3389/fpls.2017.00025,PMC5281592_Table 3
PMC5281592_Table 3_44,qELS_T11_A06,qELS_T11_A06,,Left marker Physical position,physical position,http://purl.obolibrary.org/obo/OGI_0000032,Araip.B01_123278331,Araip.B01_123278331,,PMC5281592,10.3389/fpls.2017.00025,PMC5281592_Table 3
PMC5281592_Table 3_45,qELS_T11_A06,qELS_T11_A06,,Marker interval,marker,http://purl.obolibrary.org/obo/SO_0001645 ,Seq18G9-1–TC28E09,Seq18G9-1–TC28E09,,PMC5281592,10.3389/fpls.2017.00025,PMC5281592_Table 3
PMC5281592_Table 3_46,qELS_T11_B06,qELS_T11_B06,,Marker interval,marker,http://purl.obolibrary.org/obo/SO_0001645 ,AHGS0590–TC38D06-1,AHGS0590–TC38D06-1,,PMC5281592,10.3389/fpls.2017.00025,PMC5281592_Table 3
PMC5281592_Table 3_47,qELS_T11_B06,qELS_T11_B06,,Left marker Physical position,physical position,http://purl.obolibrary.org/obo/OGI_0000032,Araip.B04_83644293,Araip.B04_83644293,,PMC5281592,10.3389/fpls.2017.00025,PMC5281592_Table 3
PMC5281592_Table 3_48,qELS_T11_B06,qELS_T11_B06,,Right marker physical position,physical position,http://purl.obolibrary.org/obo/OGI_0000032,Araip.B02_3444489,Araip.B02_3444489,,PMC5281592,10.3389/fpls.2017.00025,PMC5281592_Table 3
PMC5281592_Table 3_49,qELS_T13_A04,qELS_T13_A04,,Left marker Physical position,physical position,http://purl.obolibrary.org/obo/OGI_0000032,–,–,,PMC5281592,10.3389/fpls.2017.00025,PMC5281592_Table 3
PMC5281592_Table 3_50,qELS_T13_A04,qELS_T13_A04,,Marker interval,marker,http://purl.obolibrary.org/obo/SO_0001645 ,S113–TC5A07,S113–TC5A07,,PMC5281592,10.3389/fpls.2017.00025,PMC5281592_Table 3
PMC5281592_Table 3_51,qELS_T13_A04,qELS_T13_A04,,Right marker physical position,physical position,http://purl.obolibrary.org/obo/OGI_0000032,Aradu.A04_11614688,Aradu.A04_11614688,,PMC5281592,10.3389/fpls.2017.00025,PMC5281592_Table 3
PMC5281592_Table 3_52,qELS_T13_A05,qELS_T13_A05,,Left marker Physical position,physical position,http://purl.obolibrary.org/obo/OGI_0000032,Aradu.A05_86235178,Aradu.A05_86235178,,PMC5281592,10.3389/fpls.2017.00025,PMC5281592_Table 3
PMC5281592_Table 3_53,qELS_T13_A05,qELS_T13_A05,,Right marker physical position,physical position,http://purl.obolibrary.org/obo/OGI_0000032,Araip.B05_6635016,Araip.B05_6635016,,PMC5281592,10.3389/fpls.2017.00025,PMC5281592_Table 3
PMC5281592_Table 3_54,qELS_T13_A05,qELS_T13_A05,,Marker interval,marker,http://purl.obolibrary.org/obo/SO_0001645 ,TC40D04–GM1878,TC40D04–GM1878,,PMC5281592,10.3389/fpls.2017.00025,PMC5281592_Table 3
PMC5281592_Table 3_55,qELS_T13_A06,qELS_T13_A06,,Right marker physical position,physical position,http://purl.obolibrary.org/obo/OGI_0000032,Araip.B06_2116158,Araip.B06_2116158,,PMC5281592,10.3389/fpls.2017.00025,PMC5281592_Table 3
PMC5281592_Table 3_56,qELS_T13_A06,qELS_T13_A06,,Left marker Physical position,physical position,http://purl.obolibrary.org/obo/OGI_0000032,Araip.B01_123278331,Araip.B01_123278331,,PMC5281592,10.3389/fpls.2017.00025,PMC5281592_Table 3
PMC5281592_Table 3_57,qELS_T13_A06,qELS_T13_A06,,Marker interval,marker,http://purl.obolibrary.org/obo/SO_0001645 ,Seq18G9-1–TC28E09,Seq18G9-1–TC28E09,,PMC5281592,10.3389/fpls.2017.00025,PMC5281592_Table 3
PMC5281592_Table 3_58,qELS_T13_A07,qELS_T13_A07,,Right marker physical position,physical position,http://purl.obolibrary.org/obo/OGI_0000032,Araip.B06_39385375,Araip.B06_39385375,,PMC5281592,10.3389/fpls.2017.00025,PMC5281592_Table 3
PMC5281592_Table 3_59,qELS_T13_A07,qELS_T13_A07,,Marker interval,marker,http://purl.obolibrary.org/obo/SO_0001645 ,TC19B07–GM1076-3,TC19B07–GM1076-3,,PMC5281592,10.3389/fpls.2017.00025,PMC5281592_Table 3
PMC5281592_Table 3_60,qELS_T13_A07,qELS_T13_A07,,Left marker Physical position,physical position,http://purl.obolibrary.org/obo/OGI_0000032,Aradu.A07_26534041,Aradu.A07_26534041,,PMC5281592,10.3389/fpls.2017.00025,PMC5281592_Table 3
PMC5281592_Table 3_61,qELS_T13_B01,qELS_T13_B01,,Left marker Physical position,physical position,http://purl.obolibrary.org/obo/OGI_0000032,Araip.B01_118165092,Araip.B01_118165092,,PMC5281592,10.3389/fpls.2017.00025,PMC5281592_Table 3
PMC5281592_Table 3_62,qELS_T13_B01,qELS_T13_B01,,Right marker physical position,physical position,http://purl.obolibrary.org/obo/OGI_0000032,Araip.B01_114116578,Araip.B01_114116578,,PMC5281592,10.3389/fpls.2017.00025,PMC5281592_Table 3
PMC5281592_Table 3_63,qELS_T13_B01,qELS_T13_B01,,Marker interval,marker,http://purl.obolibrary.org/obo/SO_0001645 ,Ah3–TC1A08,Ah3–TC1A08,,PMC5281592,10.3389/fpls.2017.00025,PMC5281592_Table 3
PMC5281592_Table 3_64,qLLS_T11_A03,qLLS_T11_A03,,Right marker physical position,physical position,http://purl.obolibrary.org/obo/OGI_0000032,Aradu.A03_10132301,Aradu.A03_10132301,,PMC5281592,10.3389/fpls.2017.00025,PMC5281592_Table 3
PMC5281592_Table 3_65,qLLS_T11_A03,qLLS_T11_A03,,Left marker Physical position,physical position,http://purl.obolibrary.org/obo/OGI_0000032,Aradu.A03_22168867,Aradu.A03_22168867,,PMC5281592,10.3389/fpls.2017.00025,PMC5281592_Table 3
PMC5281592_Table 3_66,qLLS_T11_A03,qLLS_T11_A03,,Marker interval,marker,http://purl.obolibrary.org/obo/SO_0001645 ,PM238-2–TC1E06,PM238-2–TC1E06,,PMC5281592,10.3389/fpls.2017.00025,PMC5281592_Table 3
PMC5281592_Table 3_67,qLLS_T11_A04,qLLS_T11_A04,,Marker interval,marker,http://purl.obolibrary.org/obo/SO_0001645 ,TC7G10–EM142,TC7G10–EM142,,PMC5281592,10.3389/fpls.2017.00025,PMC5281592_Table 3
PMC5281592_Table 3_68,qLLS_T11_A04,qLLS_T11_A04,,Right marker physical position,physical position,http://purl.obolibrary.org/obo/OGI_0000032,Aradu.A04_121074477,Aradu.A04_121074477,,PMC5281592,10.3389/fpls.2017.00025,PMC5281592_Table 3
PMC5281592_Table 3_69,qLLS_T11_A04,qLLS_T11_A04,,Left marker Physical position,physical position,http://purl.obolibrary.org/obo/OGI_0000032,Aradu.A04_3479736,Aradu.A04_3479736,,PMC5281592,10.3389/fpls.2017.00025,PMC5281592_Table 3
PMC5281592_Table 3_70,qLLS_T11_A05_1,qLLS_T11_A05_1,,Right marker physical position,physical position,http://purl.obolibrary.org/obo/OGI_0000032,Aradu.A09_93893154,Aradu.A09_93893154,,PMC5281592,10.3389/fpls.2017.00025,PMC5281592_Table 3
PMC5281592_Table 3_71,qLLS_T11_A05_1,qLLS_T11_A05_1,,Left marker Physical position,physical position,http://purl.obolibrary.org/obo/OGI_0000032,Araip.B05_18606218,Araip.B05_18606218,,PMC5281592,10.3389/fpls.2017.00025,PMC5281592_Table 3
PMC5281592_Table 3_72,qLLS_T11_A05_1,qLLS_T11_A05_1,,Marker interval,marker,http://purl.obolibrary.org/obo/SO_0001645 ,PM65–GNB703,PM65–GNB703,,PMC5281592,10.3389/fpls.2017.00025,PMC5281592_Table 3
PMC5281592_Table 3_73,qLLS_T11_A05_2,qLLS_T11_A05_2,,Right marker physical position,physical position,http://purl.obolibrary.org/obo/OGI_0000032,Aradu.A05_17795698,Aradu.A05_17795698,,PMC5281592,10.3389/fpls.2017.00025,PMC5281592_Table 3
PMC5281592_Table 3_74,qLLS_T11_A05_2,qLLS_T11_A05_2,,Marker interval,marker,http://purl.obolibrary.org/obo/SO_0001645 ,TC6E01–GNB353,TC6E01–GNB353,,PMC5281592,10.3389/fpls.2017.00025,PMC5281592_Table 3
PMC5281592_Table 3_75,qLLS_T11_A05_2,qLLS_T11_A05_2,,Left marker Physical position,physical position,http://purl.obolibrary.org/obo/OGI_0000032,Aradu.A05_33061631,Aradu.A05_33061631,,PMC5281592,10.3389/fpls.2017.00025,PMC5281592_Table 3
PMC5281592_Table 3_76,qLLS_T11_A06_1,qLLS_T11_A06_1,,Left marker Physical position,physical position,http://purl.obolibrary.org/obo/OGI_0000032,Aradu.A06_1258634,Aradu.A06_1258634,,PMC5281592,10.3389/fpls.2017.00025,PMC5281592_Table 3
PMC5281592_Table 3_77,qLLS_T11_A06_1,qLLS_T11_A06_1,,Marker interval,marker,http://purl.obolibrary.org/obo/SO_0001645 ,GM1489–GM2337,GM1489–GM2337,,PMC5281592,10.3389/fpls.2017.00025,PMC5281592_Table 3
PMC5281592_Table 3_78,qLLS_T11_A06_1,qLLS_T11_A06_1,,Right marker physical position,physical position,http://purl.obolibrary.org/obo/OGI_0000032,Araip.B06_18837557,Araip.B06_18837557,,PMC5281592,10.3389/fpls.2017.00025,PMC5281592_Table 3
PMC5281592_Table 3_79,qLLS_T11_A06_2,qLLS_T11_A06_2,,Left marker Physical position,physical position,http://purl.obolibrary.org/obo/OGI_0000032,Aradu.A06_7370126,Aradu.A06_7370126,,PMC5281592,10.3389/fpls.2017.00025,PMC5281592_Table 3
PMC5281592_Table 3_80,qLLS_T11_A06_2,qLLS_T11_A06_2,,Marker interval,marker,http://purl.obolibrary.org/obo/SO_0001645 ,IPAHM659–TC42A02,IPAHM659–TC42A02,,PMC5281592,10.3389/fpls.2017.00025,PMC5281592_Table 3
PMC5281592_Table 3_81,qLLS_T11_A06_2,qLLS_T11_A06_2,,Right marker physical position,physical position,http://purl.obolibrary.org/obo/OGI_0000032,Aradu.A06_2062118,Aradu.A06_2062118,,PMC5281592,10.3389/fpls.2017.00025,PMC5281592_Table 3
PMC5281592_Table 3_82,qLLS_T11_B04,qLLS_T11_B04,,Left marker Physical position,physical position,http://purl.obolibrary.org/obo/OGI_0000032,Aradu.A04_111588972,Aradu.A04_111588972,,PMC5281592,10.3389/fpls.2017.00025,PMC5281592_Table 3
PMC5281592_Table 3_83,qLLS_T11_B04,qLLS_T11_B04,,Marker interval,marker,http://purl.obolibrary.org/obo/SO_0001645 ,IPAHM108-2–IPAHM695,IPAHM108-2–IPAHM695,,PMC5281592,10.3389/fpls.2017.00025,PMC5281592_Table 3
PMC5281592_Table 3_84,qLLS_T11_B04,qLLS_T11_B04,,Right marker physical position,physical position,http://purl.obolibrary.org/obo/OGI_0000032,Aradu.A04_108179281,Aradu.A04_108179281,,PMC5281592,10.3389/fpls.2017.00025,PMC5281592_Table 3
PMC5281592_Table 3_85,qLLS_T12_A02,qLLS_T12_A02,,Right marker physical position,physical position,http://purl.obolibrary.org/obo/OGI_0000032,Araip.B02_58499596,Araip.B02_58499596,,PMC5281592,10.3389/fpls.2017.00025,PMC5281592_Table 3
PMC5281592_Table 3_86,qLLS_T12_A02,qLLS_T12_A02,,Marker interval,marker,http://purl.obolibrary.org/obo/SO_0001645 ,GA8–GNB1121,GA8–GNB1121,,PMC5281592,10.3389/fpls.2017.00025,PMC5281592_Table 3
PMC5281592_Table 3_87,qLLS_T12_A02,qLLS_T12_A02,,Left marker Physical position,physical position,http://purl.obolibrary.org/obo/OGI_0000032,Aradu.A05_23339934,Aradu.A05_23339934,,PMC5281592,10.3389/fpls.2017.00025,PMC5281592_Table 3
PMC5281592_Table 3_88,qLLS_T12_A05_1,qLLS_T12_A05_1,,Left marker Physical position,physical position,http://purl.obolibrary.org/obo/OGI_0000032,–,–,,PMC5281592,10.3389/fpls.2017.00025,PMC5281592_Table 3
PMC5281592_Table 3_89,qLLS_T12_A05_1,qLLS_T12_A05_1,,Right marker physical position,physical position,http://purl.obolibrary.org/obo/OGI_0000032,Araip.B05_18606218,Araip.B05_18606218,,PMC5281592,10.3389/fpls.2017.00025,PMC5281592_Table 3
PMC5281592_Table 3_90,qLLS_T12_A05_1,qLLS_T12_A05_1,,Marker interval,marker,http://purl.obolibrary.org/obo/SO_0001645 ,PM179–PM65,PM179–PM65,,PMC5281592,10.3389/fpls.2017.00025,PMC5281592_Table 3
PMC5281592_Table 3_91,qLLS_T12_A05_2,qLLS_T12_A05_2,,Left marker Physical position,physical position,http://purl.obolibrary.org/obo/OGI_0000032,–,–,,PMC5281592,10.3389/fpls.2017.00025,PMC5281592_Table 3
PMC5281592_Table 3_92,qLLS_T12_A05_2,qLLS_T12_A05_2,,Right marker physical position,physical position,http://purl.obolibrary.org/obo/OGI_0000032,Araip.B05_18606218,Araip.B05_18606218,,PMC5281592,10.3389/fpls.2017.00025,PMC5281592_Table 3
PMC5281592_Table 3_93,qLLS_T12_A05_2,qLLS_T12_A05_2,,Marker interval,marker,http://purl.obolibrary.org/obo/SO_0001645 ,PM179–PM65,PM179–PM65,,PMC5281592,10.3389/fpls.2017.00025,PMC5281592_Table 3
PMC5281592_Table 3_94,qLLS_T13_A03_1,qLLS_T13_A03_1,,Left marker Physical position,physical position,http://purl.obolibrary.org/obo/OGI_0000032,Araip.B03_126672393,Araip.B03_126672393,,PMC5281592,10.3389/fpls.2017.00025,PMC5281592_Table 3
PMC5281592_Table 3_95,qLLS_T13_A03_1,qLLS_T13_A03_1,,Right marker physical position,physical position,http://purl.obolibrary.org/obo/OGI_0000032,Araip.B03_124049435,Araip.B03_124049435,,PMC5281592,10.3389/fpls.2017.00025,PMC5281592_Table 3
PMC5281592_Table 3_96,qLLS_T13_A03_1,qLLS_T13_A03_1,,Marker interval,marker,http://purl.obolibrary.org/obo/SO_0001645 ,GM2528–GM2027,GM2528–GM2027,,PMC5281592,10.3389/fpls.2017.00025,PMC5281592_Table 3
PMC5281592_Table 3_97,qLLS_T13_A03_2,qLLS_T13_A03_2,,Left marker Physical position,physical position,http://purl.obolibrary.org/obo/OGI_0000032,Araip.B03_124049435,Araip.B03_124049435,,PMC5281592,10.3389/fpls.2017.00025,PMC5281592_Table 3
PMC5281592_Table 3_98,qLLS_T13_A03_2,qLLS_T13_A03_2,,Marker interval,marker,http://purl.obolibrary.org/obo/SO_0001645 ,GM2027–GA26,GM2027–GA26,,PMC5281592,10.3389/fpls.2017.00025,PMC5281592_Table 3
PMC5281592_Table 3_99,qLLS_T13_A03_2,qLLS_T13_A03_2,,Right marker physical position,physical position,http://purl.obolibrary.org/obo/OGI_0000032,Aradu.A05_109137871,Aradu.A05_109137871,,PMC5281592,10.3389/fpls.2017.00025,PMC5281592_Table 3
PMC5281592_Table 3_100,qLLS_T13_A05_1,qLLS_T13_A05_1,,Left marker Physical position,physical position,http://purl.obolibrary.org/obo/OGI_0000032,–,–,,PMC5281592,10.3389/fpls.2017.00025,PMC5281592_Table 3
PMC5281592_Table 3_101,qLLS_T13_A05_1,qLLS_T13_A05_1,,Right marker physical position,physical position,http://purl.obolibrary.org/obo/OGI_0000032,Aradu.A09_93893154,Aradu.A09_93893154,,PMC5281592,10.3389/fpls.2017.00025,PMC5281592_Table 3
PMC5281592_Table 3_102,qLLS_T13_A05_1,qLLS_T13_A05_1,,Marker interval,marker,http://purl.obolibrary.org/obo/SO_0001645 ,PM179–GNB703,PM179–GNB703,,PMC5281592,10.3389/fpls.2017.00025,PMC5281592_Table 3
PMC5281592_Table 3_103,qLLS_T13_A05_2,qLLS_T13_A05_2,,Right marker physical position,physical position,http://purl.obolibrary.org/obo/OGI_0000032,Aradu.A09_93893154,Aradu.A09_93893154,,PMC5281592,10.3389/fpls.2017.00025,PMC5281592_Table 3
PMC5281592_Table 3_104,qLLS_T13_A05_2,qLLS_T13_A05_2,,Left marker Physical position,physical position,http://purl.obolibrary.org/obo/OGI_0000032,Araip.B05_18606218,Araip.B05_18606218,,PMC5281592,10.3389/fpls.2017.00025,PMC5281592_Table 3
PMC5281592_Table 3_105,qLLS_T13_A05_2,qLLS_T13_A05_2,,Marker interval,marker,http://purl.obolibrary.org/obo/SO_0001645 ,PM65–GNB703,PM65–GNB703,,PMC5281592,10.3389/fpls.2017.00025,PMC5281592_Table 3
PMC5281592_Table 3_106,qLLS_T13_A05_3,qLLS_T13_A05_3,,Marker interval,marker,http://purl.obolibrary.org/obo/SO_0001645 ,TC6E01 –IPAHM356,TC6E01 –IPAHM356,,PMC5281592,10.3389/fpls.2017.00025,PMC5281592_Table 3
PMC5281592_Table 3_107,qLLS_T13_A05_3,qLLS_T13_A05_3,,Right marker physical position,physical position,http://purl.obolibrary.org/obo/OGI_0000032,Aradu.A05_19076425,Aradu.A05_19076425,,PMC5281592,10.3389/fpls.2017.00025,PMC5281592_Table 3
PMC5281592_Table 3_108,qLLS_T13_A05_3,qLLS_T13_A05_3,,Left marker Physical position,physical position,http://purl.obolibrary.org/obo/OGI_0000032,Aradu.A05_33061631,Aradu.A05_33061631,,PMC5281592,10.3389/fpls.2017.00025,PMC5281592_Table 3
PMC5281592_Table 3_109,qLLS_T13_A05_4,qLLS_T13_A05_4,,Right marker physical position,physical position,http://purl.obolibrary.org/obo/OGI_0000032,–,–,,PMC5281592,10.3389/fpls.2017.00025,PMC5281592_Table 3
PMC5281592_Table 3_110,qLLS_T13_A05_4,qLLS_T13_A05_4,,Marker interval,marker,http://purl.obolibrary.org/obo/SO_0001645 ,GNB827–Ah426,GNB827–Ah426,,PMC5281592,10.3389/fpls.2017.00025,PMC5281592_Table 3
PMC5281592_Table 3_111,qLLS_T13_A05_4,qLLS_T13_A05_4,,Left marker Physical position,physical position,http://purl.obolibrary.org/obo/OGI_0000032,Aradu.A05_37578655,Aradu.A05_37578655,,PMC5281592,10.3389/fpls.2017.00025,PMC5281592_Table 3
PMC5281592_Table 3_112,qLLS_T13_A05_5,qLLS_T13_A05_5,,Left marker Physical position,physical position,http://purl.obolibrary.org/obo/OGI_0000032,–,–,,PMC5281592,10.3389/fpls.2017.00025,PMC5281592_Table 3
PMC5281592_Table 3_113,qLLS_T13_A05_5,qLLS_T13_A05_5,,Marker interval,marker,http://purl.obolibrary.org/obo/SO_0001645 ,Ah426–GA65,Ah426–GA65,,PMC5281592,10.3389/fpls.2017.00025,PMC5281592_Table 3
PMC5281592_Table 3_114,qLLS_T13_A05_5,qLLS_T13_A05_5,,Right marker physical position,physical position,http://purl.obolibrary.org/obo/OGI_0000032,Araip.B05_16912303,Araip.B05_16912303,,PMC5281592,10.3389/fpls.2017.00025,PMC5281592_Table 3
PMC5281592_Table 3_115,qLLS_T13_A05_6,qLLS_T13_A05_6,,Left marker Physical position,physical position,http://purl.obolibrary.org/obo/OGI_0000032,Aradu.A05_62322817,Aradu.A05_62322817,,PMC5281592,10.3389/fpls.2017.00025,PMC5281592_Table 3
PMC5281592_Table 3_116,qLLS_T13_A05_6,qLLS_T13_A05_6,,Marker interval,marker,http://purl.obolibrary.org/obo/SO_0001645 ,GM1049–GNB464,GM1049–GNB464,,PMC5281592,10.3389/fpls.2017.00025,PMC5281592_Table 3
PMC5281592_Table 3_117,qLLS_T13_A05_6,qLLS_T13_A05_6,,Right marker physical position,physical position,http://purl.obolibrary.org/obo/OGI_0000032,Aradu.A05_85047929,Aradu.A05_85047929,,PMC5281592,10.3389/fpls.2017.00025,PMC5281592_Table 3
PMC5281592_Table 3_118,qLLS_T13_A05_7,qLLS_T13_A05_7,,Marker interval,marker,http://purl.obolibrary.org/obo/SO_0001645 ,GNB464–GA44,GNB464–GA44,,PMC5281592,10.3389/fpls.2017.00025,PMC5281592_Table 3
PMC5281592_Table 3_119,qLLS_T13_A05_7,qLLS_T13_A05_7,,Right marker physical position,physical position,http://purl.obolibrary.org/obo/OGI_0000032,Araip.B03_128254123,Araip.B03_128254123,,PMC5281592,10.3389/fpls.2017.00025,PMC5281592_Table 3
PMC5281592_Table 3_120,qLLS_T13_A05_7,qLLS_T13_A05_7,,Left marker Physical position,physical position,http://purl.obolibrary.org/obo/OGI_0000032,Aradu.A05_85047929,Aradu.A05_85047929,,PMC5281592,10.3389/fpls.2017.00025,PMC5281592_Table 3
PMC5281592_Table 3_121,qLLS_T13_A07_1,qLLS_T13_A07_1,,Marker interval,marker,http://purl.obolibrary.org/obo/SO_0001645 ,TC38F01–GM1986-2,TC38F01–GM1986-2,,PMC5281592,10.3389/fpls.2017.00025,PMC5281592_Table 3
PMC5281592_Table 3_122,qLLS_T13_A07_1,qLLS_T13_A07_1,,Right marker physical position,physical position,http://purl.obolibrary.org/obo/OGI_0000032,Aradu.A07_53236894,Aradu.A07_53236894,,PMC5281592,10.3389/fpls.2017.00025,PMC5281592_Table 3
PMC5281592_Table 3_123,qLLS_T13_A07_1,qLLS_T13_A07_1,,Left marker Physical position,physical position,http://purl.obolibrary.org/obo/OGI_0000032,Aradu.A07_73062983,Aradu.A07_73062983,,PMC5281592,10.3389/fpls.2017.00025,PMC5281592_Table 3
PMC5281592_Table 3_124,qLLS_T13_A07_2,qLLS_T13_A07_2,,Marker interval,marker,http://purl.obolibrary.org/obo/SO_0001645 ,TC38F01–GM1986-2,TC38F01–GM1986-2,,PMC5281592,10.3389/fpls.2017.00025,PMC5281592_Table 3
PMC5281592_Table 3_125,qLLS_T13_A07_2,qLLS_T13_A07_2,,Right marker physical position,physical position,http://purl.obolibrary.org/obo/OGI_0000032,Aradu.A07_53236894,Aradu.A07_53236894,,PMC5281592,10.3389/fpls.2017.00025,PMC5281592_Table 3
PMC5281592_Table 3_126,qLLS_T13_A07_2,qLLS_T13_A07_2,,Left marker Physical position,physical position,http://purl.obolibrary.org/obo/OGI_0000032,Aradu.A07_73062983,Aradu.A07_73062983,,PMC5281592,10.3389/fpls.2017.00025,PMC5281592_Table 3
PMC5281592_Table 3_127,qLLS_T13_B08,qLLS_T13_B08,,Left marker Physical position,physical position,http://purl.obolibrary.org/obo/OGI_0000032,Araip.B07_79877009,Araip.B07_79877009,,PMC5281592,10.3389/fpls.2017.00025,PMC5281592_Table 3
PMC5281592_Table 3_128,qLLS_T13_B08,qLLS_T13_B08,,Right marker physical position,physical position,http://purl.obolibrary.org/obo/OGI_0000032,–,–,,PMC5281592,10.3389/fpls.2017.00025,PMC5281592_Table 3
PMC5281592_Table 3_129,qLLS_T13_B08,qLLS_T13_B08,,Marker interval,marker,http://purl.obolibrary.org/obo/SO_0001645 ,PM505–GM1960,PM505–GM1960,,PMC5281592,10.3389/fpls.2017.00025,PMC5281592_Table 3
PMC4969537_Table 2_130,RGR,RGR,,Marker interval,marker,http://purl.obolibrary.org/obo/SO_0001645 ,SSR192 - SSR95∗,SSR95,http://solgenomics.net/genome/Solanum_lycopersicum/variation/gene208_0-i3,PMC4969537,10.1155/2016/3219276,PMC4969537_Table 2
PMC4969537_Table 2_131,RGR,RGR,,Marker interval,marker,http://purl.obolibrary.org/obo/SO_0001645 ,TGS2380 - SSR134∗,SSR134,http://solgenomics.net/genome/Solanum_lycopersicum/variation/gene279_0-i3,PMC4969537,10.1155/2016/3219276,PMC4969537_Table 2
PMC4969537_Table 2_132,RGR,RGR,,Marker interval,marker,http://purl.obolibrary.org/obo/SO_0001645 ,LEag001 - SSR214∗,SSR214,http://solgenomics.net/genome/Solanum_lycopersicum/variation/gene317_0-i8,PMC4969537,10.1155/2016/3219276,PMC4969537_Table 2
PMC4969537_Table 2_133,RGR,RGR,,Marker interval,marker,http://purl.obolibrary.org/obo/SO_0001645 ,TES623∗ - TGS781,TES623∗ - TGS781,,PMC4969537,10.1155/2016/3219276,PMC4969537_Table 2
PMC4969537_Table 2_134,RGR,RGR,,Marker interval,marker,http://purl.obolibrary.org/obo/SO_0001645 ,Tom340-341∗ - SSR255,SSR255,http://solgenomics.net/genome/Solanum_lycopersicum/variation/gene203_0-i11,PMC4969537,10.1155/2016/3219276,PMC4969537_Table 2
PMC4969537_Table 2_135,CI,CI,,Marker interval,marker,http://purl.obolibrary.org/obo/SO_0001645 ,TES856∗ - TGS377,TES856∗ - TGS377,,PMC4969537,10.1155/2016/3219276,PMC4969537_Table 2
PMC4969537_Table 2_136,CI,CI,,Marker interval,marker,http://purl.obolibrary.org/obo/SO_0001645 ,SSR50∗ - SSR359,SSR50∗ - SSR359,,PMC4969537,10.1155/2016/3219276,PMC4969537_Table 2
PMC4969537_Table 2_137,CI,CI,,Marker interval,marker,http://purl.obolibrary.org/obo/SO_0001645 ,LEat019∗ - LEat020,LEat019∗ - LEat020,,PMC4969537,10.1155/2016/3219276,PMC4969537_Table 2
PMC4969537_Table 2_138,CI,CI,,Marker interval,marker,http://purl.obolibrary.org/obo/SO_0001645 ,TGS321∗ - TGS235,TGS321∗ - TGS235,,PMC4969537,10.1155/2016/3219276,PMC4969537_Table 2
PMC3859326_Table 3._139,Inflorescence branching,inflorescence branch,http://purl.obolibrary.org/obo/PO_0009081,Candidate gene,gene,http://purl.obolibrary.org/obo/SO_0000704,S and AN,S and AN,,PMC3859326,10.1093/dnares/dst033,PMC3859326_Table 3.
PMC3859326_Table 3._140,Inflorescence branching,inflorescence branch,http://purl.obolibrary.org/obo/PO_0009081,Candidate gene,gene,http://purl.obolibrary.org/obo/SO_0000704,,,,PMC3859326,10.1093/dnares/dst033,PMC3859326_Table 3.
PMC3859326_Table 3._141,Inflorescence branching,inflorescence branch,http://purl.obolibrary.org/obo/PO_0009081,Associating SNP,Associating SNP,,solcap_snp_sl_39457,solcap_snp_sl_39457,http://solgenomics.net/genome/Solanum_lycopersicum/variation/solcap_snp_sl_39457,PMC3859326,10.1093/dnares/dst033,PMC3859326_Table 3.
PMC3859326_Table 3._142,No. of leaves between inflorescences,inflorescence,http://purl.obolibrary.org/obo/PO_0009049,Candidate gene,gene,http://purl.obolibrary.org/obo/SO_0000704,SP,SP,,PMC3859326,10.1093/dnares/dst033,PMC3859326_Table 3.
PMC3859326_Table 3._143,No. of leaves between inflorescences,inflorescence,http://purl.obolibrary.org/obo/PO_0009049,Candidate gene,gene,http://purl.obolibrary.org/obo/SO_0000704,,,,PMC3859326,10.1093/dnares/dst033,PMC3859326_Table 3.
PMC3859326_Table 3._144,Plant habit determinate,determinate,http://purl.obolibrary.org/obo/SP_0000174,Candidate gene,gene,http://purl.obolibrary.org/obo/SO_0000704,SP,SP,,PMC3859326,10.1093/dnares/dst033,PMC3859326_Table 3.
PMC3859326_Table 3._145,Plant habit determinate,determinate,http://purl.obolibrary.org/obo/SP_0000174,Candidate gene,gene,http://purl.obolibrary.org/obo/SO_0000704,,,,PMC3859326,10.1093/dnares/dst033,PMC3859326_Table 3.
PMC3859326_Table 3._146,Plant height,plant height,http://purl.obolibrary.org/obo/TO_0000207,Candidate gene,gene,http://purl.obolibrary.org/obo/SO_0000704,SP,SP,,PMC3859326,10.1093/dnares/dst033,PMC3859326_Table 3.
PMC3859326_Table 3._147,Plant height,plant height,http://purl.obolibrary.org/obo/TO_0000207,Candidate gene,gene,http://purl.obolibrary.org/obo/SO_0000704,,,,PMC3859326,10.1093/dnares/dst033,PMC3859326_Table 3.
PMC3859326_Table 3._148,Plant height,plant height,http://purl.obolibrary.org/obo/TO_0000207,Associating SNP,Associating SNP,,solcap_snp_sl_16654,solcap_snp_sl_16654,http://solgenomics.net/genome/Solanum_lycopersicum/variation/solcap_snp_sl_16654,PMC3859326,10.1093/dnares/dst033,PMC3859326_Table 3.
PMC3859326_Table 3._149,Fruit size,fruit size,http://purl.obolibrary.org/obo/TO_0002625,Candidate gene,gene,http://purl.obolibrary.org/obo/SO_0000704,FAS,FAS,,PMC3859326,10.1093/dnares/dst033,PMC3859326_Table 3.
PMC3859326_Table 3._150,Fruit size,fruit size,http://purl.obolibrary.org/obo/TO_0002625,Associating SNP,Associating SNP,,SL1_00sc6004_2094360_solcap_snp_sl_44897,SL1_00sc6004_2094360_solcap_snp_sl_44897,,PMC3859326,10.1093/dnares/dst033,PMC3859326_Table 3.
PMC3859326_Table 3._151,Fruit size,fruit size,http://purl.obolibrary.org/obo/TO_0002625,Candidate gene,gene,http://purl.obolibrary.org/obo/SO_0000704,,,,PMC3859326,10.1093/dnares/dst033,PMC3859326_Table 3.
PMC3859326_Table 3._152,Locule number,locule,http://purl.obolibrary.org/obo/PO_0025263,Candidate gene,gene,http://purl.obolibrary.org/obo/SO_0000704,LC and OVATE,LC and OVATE,,PMC3859326,10.1093/dnares/dst033,PMC3859326_Table 3.
PMC3859326_Table 3._153,Locule number,locule,http://purl.obolibrary.org/obo/PO_0025263,Candidate gene,gene,http://purl.obolibrary.org/obo/SO_0000704,FAS,FAS,,PMC3859326,10.1093/dnares/dst033,PMC3859326_Table 3.
PMC3859326_Table 3._154,Locule number,locule,http://purl.obolibrary.org/obo/PO_0025263,Associating SNP,Associating SNP,,SL1_00sc6004_2094360_solcap_snp_sl_44897,SL1_00sc6004_2094360_solcap_snp_sl_44897,,PMC3859326,10.1093/dnares/dst033,PMC3859326_Table 3.
PMC3859326_Table 3._155,Locule number,locule,http://purl.obolibrary.org/obo/PO_0025263,Candidate gene,gene,http://purl.obolibrary.org/obo/SO_0000704,,,,PMC3859326,10.1093/dnares/dst033,PMC3859326_Table 3.
PMC3859326_Table 3._156,Green shoulder,Green shoulder,,Candidate gene,gene,http://purl.obolibrary.org/obo/SO_0000704,,,,PMC3859326,10.1093/dnares/dst033,PMC3859326_Table 3.
PMC3859326_Table 3._157,Green shoulder,Green shoulder,,Candidate gene,gene,http://purl.obolibrary.org/obo/SO_0000704,U,U,,PMC3859326,10.1093/dnares/dst033,PMC3859326_Table 3.
PMC3859326_Table 3._158,Colour of fruit epidermis,epidermis,http://purl.obolibrary.org/obo/PO_0005679,Candidate gene,gene,http://purl.obolibrary.org/obo/SO_0000704,Y,Y,,PMC3859326,10.1093/dnares/dst033,PMC3859326_Table 3.
